Jugador 1,ROBAR,
Jugador 2,ROBAR,
Jugador 3,ROBAR,
Jugador 4,ROBAR,
Jugador 1,JUGAR,BOLA_DE_FUEGO
Jugador 2,JUGAR,ESCUDO_MAGICO
Jugador 3,JUGAR,CONTRAHECHIZO
Jugador 4,DESCARTAR,POCION_DE_VIDA
Sistema,RESOLVER,
Jugador 1,ROBAR,
Jugador 2,ROBAR,
Jugador 3,ROBAR,
Jugador 4,ROBAR,
Jugador 1,JUGAR,BARRERA_DE_HIELO
Jugador 2,JUGAR,RAYO_CONGELANTE
Jugador 3,JUGAR,GOLPE_CRITICO
Jugador 4,JUGAR,BOLA_DE_FUEGO
Sistema,RESOLVER,
Jugador 1,ROBAR,
Jugador 2,ROBAR,
Jugador 3,ROBAR,
Jugador 4,ROBAR,
Jugador 1,JUGAR,ESCUDO_MAGICO
Jugador 2,JUGAR,CONTRAHECHIZO
Jugador 3,JUGAR,POCION_DE_VIDA
Jugador 4,JUGAR,BARRERA_DE_HIELO
Sistema,RESOLVER,
